INSERT INTO MEMBER (id, password, email,  address, member_type, name, introduce, image) VALUES ('c1', '123', 'c1@naver.com', ' 서울특별시 금천구 가산디지털1로 158(가산동)', 'C', 'consumer1', 'consumer1입니다. 질 좋은 제품 부탁드려요.', 'member/consumer.jpg');								
INSERT INTO MEMBER (id, password, email,  address, member_type, name, introduce, image) VALUES ('c2', '123', 'c2@naver.com', ' 서울특별시 금천구 가산디지털1로 158(가산동)', 'C', 'consumer2', 'consumer2입니다. 질 좋은 제품 부탁드려요.',  'member/consumer.jpg');								
INSERT INTO MEMBER (id, password, email,  address, member_type, name, introduce, image) VALUES ('c3', '123', 'c3@naver.com', ' 서울특별시 금천구 가산디지털1로 158(가산동)', 'C', 'consumer3', 'consumer3입니다. 질 좋은 제품 부탁드려요.', 'member/consumer.jpg');								
INSERT INTO MEMBER (id, password, email,  address, member_type, name, introduce, image) VALUES ('c4', '123', 'c4@naver.com', ' 서울특별시 금천구 가산디지털1로 158(가산동)', 'C', 'consumer4', 'consumer4입니다. 질 좋은 제품 부탁드려요.',  'member/consumer.jpg');								
INSERT INTO MEMBER (id, password, email,  address, member_type, name, introduce, image) VALUES ('c5', '123', 'c5@naver.com', ' 서울특별시 금천구 가산디지털1로 158(가산동)', 'C', 'consumer5', 'consumer5입니다. 질 좋은 제품 부탁드려요.', 'member/consumer.jpg');								
INSERT INTO MEMBER (id, password, email,  address, member_type, name, introduce, image) VALUES ('c6', '123', 'c6@naver.com', ' 서울특별시 금천구 가산디지털1로 158(가산동)', 'C', 'consumer6', 'consumer6입니다. 질 좋은 제품 부탁드려요.', 'member/consumer.jpg');								
INSERT INTO MEMBER (id, password, email,  address, member_type, name, introduce, image) VALUES ('c7', '123', 'c7@naver.com', ' 서울특별시 금천구 가산디지털1로 158(가산동)', 'C', 'consumer7', 'consumer7입니다. 질 좋은 제품 부탁드려요.', 'member/consumer.jpg');								
INSERT INTO MEMBER (id, password, email,  address, member_type, name, introduce, image) VALUES ('c8', '123', 'c8@naver.com', ' 서울특별시 금천구 가산디지털1로 158(가산동)', 'C', 'consumer8', 'consumer8입니다. 질 좋은 제품 부탁드려요.', 'member/consumer.jpg');								
INSERT INTO MEMBER (id, password, email,  address, member_type, name, introduce, image) VALUES ('c9', '123', 'c9@naver.com', ' 서울특별시 금천구 가산디지털1로 158(가산동)', 'C', 'consumer9', 'consumer9입니다. 질 좋은 제품 부탁드려요.', 'member/consumer.jpg');								
INSERT INTO MEMBER (id, password, email,  address, member_type, name, introduce, image) VALUES ('c10', '123', 'c10@naver.com', ' 서울특별시 금천구 가산디지털1로 158(가산동)', 'C', 'consumer10', 'consumer10입니다. 질 좋은 제품 부탁드려요.', 'member/consumer.jpg');								
INSERT INTO MEMBER (id, password, email,  address, member_type, name, introduce, image) VALUES ('c11', '123', 'c11@naver.com', ' 서울특별시 금천구 가산디지털1로 158(가산동)', 'C', 'consumer11', 'consumer11입니다. 질 좋은 제품 부탁드려요.', 'member/consumer.jpg');								
INSERT INTO MEMBER (id, password, email,  address, member_type, name, introduce, image) VALUES ('c12', '123', 'c12@naver.com', ' 서울특별시 금천구 가산디지털1로 158(가산동)', 'C', 'consumer12', 'consumer12입니다. 질 좋은 제품 부탁드려요.', 'member/consumer.jpg');								
INSERT INTO MEMBER (id, password, email,  address, member_type, name, introduce, image) VALUES ('c13', '123', 'c13@naver.com', ' 서울특별시 금천구 가산디지털1로 158(가산동)', 'C', 'consumer13', 'consumer13입니다. 질 좋은 제품 부탁드려요.', 'member/consumer.jpg');								
INSERT INTO MEMBER (id, password, email,  address, member_type, name, introduce, image) VALUES ('c14', '123', 'c14@naver.com', ' 서울특별시 금천구 가산디지털1로 158(가산동)', 'C', 'consumer14', 'consumer14입니다. 질 좋은 제품 부탁드려요.', 'member/consumer.jpg');								
INSERT INTO MEMBER (id, password, email,  address, member_type, name, introduce, image) VALUES ('c15', '123', 'c15@naver.com', ' 서울특별시 금천구 가산디지털1로 158(가산동)', 'C', 'consumer15', 'consumer15입니다. 질 좋은 제품 부탁드려요.', 'member/consumer.jpg');								
INSERT INTO MEMBER (id, password, email,  address, member_type, name, introduce, image) VALUES ('c16', '123', 'c16@naver.com', ' 서울특별시 금천구 가산디지털1로 158(가산동)', 'C', 'consumer16', 'consumer16입니다. 질 좋은 제품 부탁드려요.', 'member/consumer.jpg');								
INSERT INTO MEMBER (id, password, email,  address, member_type, name, introduce, image) VALUES ('c71', '123', 'c17@naver.com', ' 서울특별시 금천구 가산디지털1로 158(가산동)', 'C', 'consumer17', 'consumer17입니다. 질 좋은 제품 부탁드려요.', 'member/consumer.jpg');								
INSERT INTO MEMBER (id, password, email,  address, member_type, name, introduce, image) VALUES ('c18', '123', 'c18@naver.com', ' 서울특별시 금천구 가산디지털1로 158(가산동)', 'C', 'consumer18', 'consumer18입니다. 질 좋은 제품 부탁드려요.', 'member/consumer.jpg');								
INSERT INTO MEMBER (id, password, email,  address, member_type, name, introduce, image) VALUES ('c19', '123', 'c19@naver.com', ' 서울특별시 금천구 가산디지털1로 158(가산동)', 'C', 'consumer19', 'consumer19입니다. 질 좋은 제품 부탁드려요.', 'member/consumer.jpg');								
INSERT INTO MEMBER (id, password, email,  address, member_type, name, introduce, image) VALUES ('c20', '123', 'c20@naver.com', ' 서울특별시 금천구 가산디지털1로 158(가산동)', 'C', 'consumer20', 'consumer20입니다. 질 좋은 제품 부탁드려요.', 'member/consumer.jpg');								
INSERT INTO MEMBER (id, password, email,  address, member_type, name, introduce, image) VALUES ('c21', '123', 'c21@naver.com', ' 서울특별시 금천구 가산디지털1로 158(가산동)', 'C', 'consumer21', 'consumer21입니다. 질 좋은 제품 부탁드려요.', 'member/consumer.jpg');								
INSERT INTO MEMBER (id, password, email,  address, member_type, name, introduce, image) VALUES ('c22', '123', 'c22@naver.com', ' 서울특별시 금천구 가산디지털1로 158(가산동)', 'C', 'consumer22', 'consumer22입니다. 질 좋은 제품 부탁드려요.', 'member/consumer.jpg');								
INSERT INTO MEMBER (id, password, email,  address, member_type, name, introduce, image) VALUES ('c23', '123', 'c23@naver.com', ' 서울특별시 금천구 가산디지털1로 158(가산동)', 'C', 'consumer23', 'consumer23입니다. 질 좋은 제품 부탁드려요.', 'member/consumer.jpg');								
INSERT INTO MEMBER (id, password, email,  address, member_type, name, introduce, image) VALUES ('c24', '123', 'c24@naver.com', ' 서울특별시 금천구 가산디지털1로 158(가산동)', 'C', 'consumer24', 'consumer24입니다. 질 좋은 제품 부탁드려요.', 'member/consumer.jpg');								
INSERT INTO MEMBER (id, password, email,  address, member_type, name, introduce, image) VALUES ('c25', '123', 'c25@naver.com', ' 서울특별시 금천구 가산디지털1로 158(가산동)', 'C', 'consumer25', 'consumer25입니다. 질 좋은 제품 부탁드려요.', 'member/consumer.jpg');								
INSERT INTO MEMBER (id, password, email,  address, member_type, name, introduce, image) VALUES ('c26', '123', 'c26@naver.com', ' 서울특별시 금천구 가산디지털1로 158(가산동)', 'C', 'consumer26', 'consumer26입니다. 질 좋은 제품 부탁드려요.', 'member/consumer.jpg');								
INSERT INTO MEMBER (id, password, email,  address, member_type, name, introduce, image) VALUES ('c27', '123', 'c27@naver.com', ' 서울특별시 금천구 가산디지털1로 158(가산동)', 'C', 'consumer27', 'consumer27입니다. 질 좋은 제품 부탁드려요.', 'member/consumer.jpg');								
INSERT INTO MEMBER (id, password, email,  address, member_type, name, introduce, image) VALUES ('c28', '123', 'c28@naver.com', ' 서울특별시 금천구 가산디지털1로 158(가산동)', 'C', 'consumer28', 'consumer28입니다. 질 좋은 제품 부탁드려요.', 'member/consumer.jpg');								
INSERT INTO MEMBER (id, password, email,  address, member_type, name, introduce, image) VALUES ('c29', '123', 'c29@naver.com', ' 서울특별시 금천구 가산디지털1로 158(가산동)', 'C', 'consumer29', 'consumer29입니다. 질 좋은 제품 부탁드려요.', 'member/consumer.jpg');								
INSERT INTO MEMBER (id, password, email,  address, member_type, name, introduce, image) VALUES ('c30', '123', 'c30@naver.com', ' 서울특별시 금천구 가산디지털1로 158(가산동)', 'C', 'consumer30', 'consumer30입니다. 질 좋은 제품 부탁드려요.', 'member/consumer.jpg');								
INSERT INTO MEMBER (id, password, email,  address, member_type, name, introduce, image) VALUES ('c31', '123', 'c31@naver.com', ' 서울특별시 금천구 가산디지털1로 158(가산동)', 'C', 'consumer31', 'consumer31입니다. 질 좋은 제품 부탁드려요.', 'member/consumer.jpg');								
INSERT INTO MEMBER (id, password, email,  address, member_type, name, introduce, image) VALUES ('c32', '123', 'c32@naver.com', ' 서울특별시 금천구 가산디지털1로 158(가산동)', 'C', 'consumer32', 'consumer32입니다. 질 좋은 제품 부탁드려요.', 'member/consumer.jpg');								
INSERT INTO MEMBER (id, password, email,  address, member_type, name, introduce, image) VALUES ('c33', '123', 'c33@naver.com', ' 서울특별시 금천구 가산디지털1로 158(가산동)', 'C', 'consumer33', 'consumer33입니다. 질 좋은 제품 부탁드려요.', 'member/consumer.jpg');								
INSERT INTO MEMBER (id, password, email,  address, member_type, name, introduce, image) VALUES ('c34', '123', 'c34@naver.com', ' 서울특별시 금천구 가산디지털1로 158(가산동)', 'C', 'consumer34', 'consumer34입니다. 질 좋은 제품 부탁드려요.', 'member/consumer.jpg');								
INSERT INTO MEMBER (id, password, email,  address, member_type, name, introduce, image) VALUES ('c35', '123', 'c35@naver.com', ' 서울특별시 금천구 가산디지털1로 158(가산동)', 'C', 'consumer35', 'consumer35입니다. 질 좋은 제품 부탁드려요.', 'member/consumer.jpg');								
INSERT INTO MEMBER (id, password, email,  address, member_type, name, introduce, image) VALUES ('c36', '123', 'c36@naver.com', ' 서울특별시 금천구 가산디지털1로 158(가산동)', 'C', 'consumer36', 'consumer36입니다. 질 좋은 제품 부탁드려요.', 'member/consumer.jpg');								
INSERT INTO MEMBER (id, password, email,  address, member_type, name, introduce, image) VALUES ('c37', '123', 'c37@naver.com', ' 서울특별시 금천구 가산디지털1로 158(가산동)', 'C', 'consumer37', 'consumer37입니다. 질 좋은 제품 부탁드려요.', 'member/consumer.jpg');								
INSERT INTO MEMBER (id, password, email,  address, member_type, name, introduce, image) VALUES ('c38', '123', 'c38@naver.com', ' 서울특별시 금천구 가산디지털1로 158(가산동)', 'C', 'consumer38', 'consumer38입니다. 질 좋은 제품 부탁드려요.',  'member/consumer.jpg');								
INSERT INTO MEMBER (id, password, email,  address, member_type, name, introduce, image) VALUES ('c39', '123', 'c39@naver.com', ' 서울특별시 금천구 가산디지털1로 158(가산동)', 'C', 'consumer39', 'consumer39입니다. 질 좋은 제품 부탁드려요.', 'member/consumer.jpg');								
INSERT INTO MEMBER (id, password, email,  address, member_type, name, introduce, image) VALUES ('c40', '123', 'c40@naver.com', ' 서울특별시 금천구 가산디지털1로 158(가산동)', 'C', 'consumer40', 'consumer40입니다. 질 좋은 제품 부탁드려요.', 'member/consumer.jpg');								
INSERT INTO MEMBER (id, password, email,  address, member_type, name, introduce, image) VALUES ('c41', '123', 'c41@naver.com', ' 서울특별시 금천구 가산디지털1로 158(가산동)', 'C', 'consumer41', 'consumer41입니다. 질 좋은 제품 부탁드려요.', 'member/consumer.jpg');								
INSERT INTO MEMBER (id, password, email,  address, member_type, name, introduce, image) VALUES ('c42', '123', 'c42@naver.com', ' 서울특별시 금천구 가산디지털1로 158(가산동)', 'C', 'consumer42', 'consumer42입니다. 질 좋은 제품 부탁드려요.', 'member/consumer.jpg');								
INSERT INTO MEMBER (id, password, email,  address, member_type, name, introduce, image) VALUES ('c43', '123', 'c43@naver.com', ' 서울특별시 금천구 가산디지털1로 158(가산동)', 'C', 'consumer43', 'consumer43입니다. 질 좋은 제품 부탁드려요.', 'member/consumer.jpg');								
INSERT INTO MEMBER (id, password, email,  address, member_type, name, introduce, image) VALUES ('c44', '123', 'c44@naver.com', ' 서울특별시 금천구 가산디지털1로 158(가산동)', 'C', 'consumer44', 'consumer44입니다. 질 좋은 제품 부탁드려요.',  'member/consumer.jpg');								
INSERT INTO MEMBER (id, password, email,  address, member_type, name, introduce, image) VALUES ('c45', '123', 'c45@naver.com', ' 서울특별시 금천구 가산디지털1로 158(가산동)', 'C', 'consumer45', 'consumer45입니다. 질 좋은 제품 부탁드려요.', 'member/consumer.jpg');								
INSERT INTO MEMBER (id, password, email,  address, member_type, name, introduce, image) VALUES ('c46', '123', 'c46@naver.com', ' 서울특별시 금천구 가산디지털1로 158(가산동)', 'C', 'consumer46', 'consumer46입니다. 질 좋은 제품 부탁드려요.', 'member/consumer.jpg');								
INSERT INTO MEMBER (id, password, email,  address, member_type, name, introduce, image) VALUES ('c47', '123', 'c47@naver.com', ' 서울특별시 금천구 가산디지털1로 158(가산동)', 'C', 'consumer47', 'consumer47입니다. 질 좋은 제품 부탁드려요.', 'member/consumer.jpg');								
INSERT INTO MEMBER (id, password, email,  address, member_type, name, introduce, image) VALUES ('c48', '123', 'c48@naver.com', ' 서울특별시 금천구 가산디지털1로 158(가산동)', 'C', 'consumer48', 'consumer48입니다. 질 좋은 제품 부탁드려요.', 'member/consumer.jpg');								
INSERT INTO MEMBER (id, password, email,  address, member_type, name, introduce, image) VALUES ('c49', '123', 'c49@naver.com', ' 서울특별시 금천구 가산디지털1로 158(가산동)', 'C', 'consumer49', 'consumer49입니다. 질 좋은 제품 부탁드려요.',  'member/consumer.jpg');								
INSERT INTO MEMBER (id, password, email,  address, member_type, name, introduce, image) VALUES ('c50', '123', 'c50@naver.com', ' 서울특별시 금천구 가산디지털1로 158(가산동)', 'C', 'consumer50', 'consumer50입니다. 질 좋은 제품 부탁드려요.', 'member/consumer.jpg');								

COMMIT;
								
INSERT INTO MEMBER (id, password, email,  address, member_type, name, introduce, license_number, image) VALUES ('m1', '123', 'm1@naver.com', ' 경기도 의정부시 의정로 118(의정부동)', 'M', 'maker1', 'maker1입니다. 원하는대로 뭐든지 만들어 드립니다. 주문 많이 해주세요.', '12345-6789', 'member/maker.jpg');								
INSERT INTO MEMBER (id, password, email,  address, member_type, name, introduce, license_number, image) VALUES ('m2', '123', 'm2@naver.com', ' 경기도 의정부시 의정로 118(의정부동)', 'M', 'maker2', 'maker2입니다. 원하는대로 뭐든지 만들어 드립니다. 주문 많이 해주세요.', '12345-6790', 'member/maker.jpg');								
INSERT INTO MEMBER (id, password, email,  address, member_type, name, introduce, license_number, image) VALUES ('m3', '123', 'm3@naver.com', ' 경기도 의정부시 의정로 118(의정부동)', 'M', 'maker3', 'maker3입니다. 원하는대로 뭐든지 만들어 드립니다. 주문 많이 해주세요.', '12345-6791', 'member/maker.jpg');								
INSERT INTO MEMBER (id, password, email,  address, member_type, name, introduce, license_number, image) VALUES ('m4', '123', 'm1@naver.com', ' 경기도 의정부시 의정로 118(의정부동)', 'M', 'maker4', 'maker4입니다. 원하는대로 뭐든지 만들어 드립니다. 주문 많이 해주세요.', '12345-6792', 'member/maker.jpg');								
INSERT INTO MEMBER (id, password, email,  address, member_type, name, introduce, license_number, image) VALUES ('m5', '123', 'm5@naver.com', ' 경기도 의정부시 의정로 118(의정부동)', 'M', 'maker5', 'maker5입니다. 원하는대로 뭐든지 만들어 드립니다. 주문 많이 해주세요.', '12345-6793', 'member/maker.jpg');								
INSERT INTO MEMBER (id, password, email,  address, member_type, name, introduce, license_number, image) VALUES ('m6', '123', 'm6@naver.com', ' 경기도 의정부시 의정로 118(의정부동)', 'M', 'maker6', 'maker6입니다. 원하는대로 뭐든지 만들어 드립니다. 주문 많이 해주세요.', '12345-6794', 'member/maker.jpg');								
INSERT INTO MEMBER (id, password, email,  address, member_type, name, introduce, license_number, image) VALUES ('m7', '123', 'm7@naver.com', ' 경기도 의정부시 의정로 118(의정부동)', 'M', 'maker7', 'maker7입니다. 원하는대로 뭐든지 만들어 드립니다. 주문 많이 해주세요.', '12345-6795', 'member/maker.jpg');								
INSERT INTO MEMBER (id, password, email,  address, member_type, name, introduce, license_number, image) VALUES ('m8', '123', 'm8@naver.com', ' 경기도 의정부시 의정로 118(의정부동)', 'M', 'maker8', 'maker8입니다. 원하는대로 뭐든지 만들어 드립니다. 주문 많이 해주세요.', '12345-6796', 'member/maker.jpg');								
INSERT INTO MEMBER (id, password, email,  address, member_type, name, introduce, license_number, image) VALUES ('m9', '123', 'm9@naver.com', ' 경기도 의정부시 의정로 118(의정부동)', 'M', 'maker9', 'maker9입니다. 원하는대로 뭐든지 만들어 드립니다. 주문 많이 해주세요.', '12345-6797', 'member/maker.jpg');								
INSERT INTO MEMBER (id, password, email,  address, member_type, name, introduce, license_number, image) VALUES ('m10', '123', 'm10@naver.com', ' 경기도 의정부시 의정로 118(의정부동)', 'M', 'maker10', 'maker10입니다. 원하는대로 뭐든지 만들어 드립니다. 주문 많이 해주세요.', '12345-6798', 'member/maker.jpg');								
INSERT INTO MEMBER (id, password, email,  address, member_type, name, introduce, license_number, image) VALUES ('m11', '123', 'm11@naver.com', ' 경기도 의정부시 의정로 118(의정부동)', 'M', 'maker11', 'maker11입니다. 원하는대로 뭐든지 만들어 드립니다. 주문 많이 해주세요.', '12345-6799', 'member/maker.jpg');								
INSERT INTO MEMBER (id, password, email,  address, member_type, name, introduce, license_number, image) VALUES ('m12', '123', 'm12@naver.com', ' 경기도 의정부시 의정로 118(의정부동)', 'M', 'maker12', 'maker12입니다. 원하는대로 뭐든지 만들어 드립니다. 주문 많이 해주세요.', '12345-6800', 'member/maker.jpg');								
INSERT INTO MEMBER (id, password, email,  address, member_type, name, introduce, license_number, image) VALUES ('m13', '123', 'm13@naver.com', ' 경기도 의정부시 의정로 118(의정부동)', 'M', 'maker13', 'maker13입니다. 원하는대로 뭐든지 만들어 드립니다. 주문 많이 해주세요.', '12345-6801', 'member/maker.jpg');								
INSERT INTO MEMBER (id, password, email,  address, member_type, name, introduce, license_number, image) VALUES ('m14', '123', 'm14@naver.com', ' 경기도 의정부시 의정로 118(의정부동)', 'M', 'maker14', 'maker14입니다. 원하는대로 뭐든지 만들어 드립니다. 주문 많이 해주세요.', '12345-6802', 'member/maker.jpg');								
INSERT INTO MEMBER (id, password, email,  address, member_type, name, introduce, license_number, image) VALUES ('m15', '123', 'm15@naver.com', ' 경기도 의정부시 의정로 118(의정부동)', 'M', 'maker15', 'maker15입니다. 원하는대로 뭐든지 만들어 드립니다. 주문 많이 해주세요.', '12345-6803', 'member/maker.jpg');								
INSERT INTO MEMBER (id, password, email,  address, member_type, name, introduce, license_number, image) VALUES ('m16', '123', 'm16@naver.com', ' 경기도 의정부시 의정로 118(의정부동)', 'M', 'maker16', 'maker16입니다. 원하는대로 뭐든지 만들어 드립니다. 주문 많이 해주세요.', '12345-6804', 'member/maker.jpg');								
INSERT INTO MEMBER (id, password, email,  address, member_type, name, introduce, license_number, image) VALUES ('m17', '123', 'm17@naver.com', ' 경기도 의정부시 의정로 118(의정부동)', 'M', 'maker17', 'maker17입니다. 원하는대로 뭐든지 만들어 드립니다. 주문 많이 해주세요.', '12345-6805', 'member/maker.jpg');								
INSERT INTO MEMBER (id, password, email,  address, member_type, name, introduce, license_number, image) VALUES ('m18', '123', 'm18@naver.com', ' 경기도 의정부시 의정로 118(의정부동)', 'M', 'maker18', 'maker18입니다. 원하는대로 뭐든지 만들어 드립니다. 주문 많이 해주세요.', '12345-6806', 'member/maker.jpg');								
INSERT INTO MEMBER (id, password, email,  address, member_type, name, introduce, license_number, image) VALUES ('m19', '123', 'm19@naver.com', ' 경기도 의정부시 의정로 118(의정부동)', 'M', 'maker19', 'maker19입니다. 원하는대로 뭐든지 만들어 드립니다. 주문 많이 해주세요.', '12345-6807', 'member/maker.jpg');								
INSERT INTO MEMBER (id, password, email,  address, member_type, name, introduce, license_number, image) VALUES ('m20', '123', 'm20@naver.com', ' 경기도 의정부시 의정로 118(의정부동)', 'M', 'maker20', 'maker20입니다. 원하는대로 뭐든지 만들어 드립니다. 주문 많이 해주세요.', '12345-6808', 'member/maker.jpg');								
INSERT INTO MEMBER (id, password, email,  address, member_type, name, introduce, license_number, image) VALUES ('m21', '123', 'm21@naver.com', ' 경기도 의정부시 의정로 118(의정부동)', 'M', 'maker21', 'maker21입니다. 원하는대로 뭐든지 만들어 드립니다. 주문 많이 해주세요.', '12345-6809', 'member/maker.jpg');								
INSERT INTO MEMBER (id, password, email,  address, member_type, name, introduce, license_number, image) VALUES ('m22', '123', 'm22@naver.com', ' 경기도 의정부시 의정로 118(의정부동)', 'M', 'maker22', 'maker22입니다. 원하는대로 뭐든지 만들어 드립니다. 주문 많이 해주세요.', '12345-6810', 'member/maker.jpg');								
INSERT INTO MEMBER (id, password, email,  address, member_type, name, introduce, license_number, image) VALUES ('m23', '123', 'm23@naver.com', ' 경기도 의정부시 의정로 118(의정부동)', 'M', 'maker23', 'maker23입니다. 원하는대로 뭐든지 만들어 드립니다. 주문 많이 해주세요.', '12345-6811', 'member/maker.jpg');								
INSERT INTO MEMBER (id, password, email,  address, member_type, name, introduce, license_number, image) VALUES ('m24', '123', 'm24@naver.com', ' 경기도 의정부시 의정로 118(의정부동)', 'M', 'maker24', 'maker24입니다. 원하는대로 뭐든지 만들어 드립니다. 주문 많이 해주세요.', '12345-6812', 'member/maker.jpg');								
INSERT INTO MEMBER (id, password, email,  address, member_type, name, introduce, license_number, image) VALUES ('m25', '123', 'm25@naver.com', ' 경기도 의정부시 의정로 118(의정부동)', 'M', 'maker25', 'maker25입니다. 원하는대로 뭐든지 만들어 드립니다. 주문 많이 해주세요.', '12345-6813', 'member/maker.jpg');								
INSERT INTO MEMBER (id, password, email,  address, member_type, name, introduce, license_number, image) VALUES ('m26', '123', 'm26@naver.com', ' 경기도 의정부시 의정로 118(의정부동)', 'M', 'maker26', 'maker26입니다. 원하는대로 뭐든지 만들어 드립니다. 주문 많이 해주세요.', '12345-6814', 'member/maker.jpg');								
INSERT INTO MEMBER (id, password, email,  address, member_type, name, introduce, license_number, image) VALUES ('m27', '123', 'm27@naver.com', ' 경기도 의정부시 의정로 118(의정부동)', 'M', 'maker27', 'maker27입니다. 원하는대로 뭐든지 만들어 드립니다. 주문 많이 해주세요.', '12345-6815', 'member/maker.jpg');								
INSERT INTO MEMBER (id, password, email,  address, member_type, name, introduce, license_number, image) VALUES ('m28', '123', 'm28@naver.com', ' 경기도 의정부시 의정로 118(의정부동)', 'M', 'maker28', 'maker28입니다. 원하는대로 뭐든지 만들어 드립니다. 주문 많이 해주세요.', '12345-6816', 'member/maker.jpg');								
INSERT INTO MEMBER (id, password, email,  address, member_type, name, introduce, license_number, image) VALUES ('m29', '123', 'm29@naver.com', ' 경기도 의정부시 의정로 118(의정부동)', 'M', 'maker29', 'maker29입니다. 원하는대로 뭐든지 만들어 드립니다. 주문 많이 해주세요.', '12345-6817', 'member/maker.jpg');								
INSERT INTO MEMBER (id, password, email,  address, member_type, name, introduce, license_number, image) VALUES ('m30', '123', 'm30@naver.com', ' 경기도 의정부시 의정로 118(의정부동)', 'M', 'maker30', 'maker30입니다. 원하는대로 뭐든지 만들어 드립니다. 주문 많이 해주세요.', '12345-6818', 'member/maker.jpg');								
INSERT INTO MEMBER (id, password, email,  address, member_type, name, introduce, license_number, image) VALUES ('m31', '123', 'm31@naver.com', ' 경기도 의정부시 의정로 118(의정부동)', 'M', 'maker31', 'maker31입니다. 원하는대로 뭐든지 만들어 드립니다. 주문 많이 해주세요.', '12345-6819', 'member/maker.jpg');								
INSERT INTO MEMBER (id, password, email,  address, member_type, name, introduce, license_number, image) VALUES ('m32', '123', 'm32@naver.com', ' 경기도 의정부시 의정로 118(의정부동)', 'M', 'maker32', 'maker32입니다. 원하는대로 뭐든지 만들어 드립니다. 주문 많이 해주세요.', '12345-6820', 'member/maker.jpg');								
INSERT INTO MEMBER (id, password, email,  address, member_type, name, introduce, license_number, image) VALUES ('m33', '123', 'm33@naver.com', ' 경기도 의정부시 의정로 118(의정부동)', 'M', 'maker33', 'maker33입니다. 원하는대로 뭐든지 만들어 드립니다. 주문 많이 해주세요.', '12345-6821', 'member/maker.jpg');								
INSERT INTO MEMBER (id, password, email,  address, member_type, name, introduce, license_number, image) VALUES ('m34', '123', 'm34@naver.com', ' 경기도 의정부시 의정로 118(의정부동)', 'M', 'maker34', 'maker34입니다. 원하는대로 뭐든지 만들어 드립니다. 주문 많이 해주세요.', '12345-6822', 'member/maker.jpg');								
INSERT INTO MEMBER (id, password, email,  address, member_type, name, introduce, license_number, image) VALUES ('m35', '123', 'm35@naver.com', ' 경기도 의정부시 의정로 118(의정부동)', 'M', 'maker35', 'maker35입니다. 원하는대로 뭐든지 만들어 드립니다. 주문 많이 해주세요.', '12345-6823', 'member/maker.jpg');								
INSERT INTO MEMBER (id, password, email,  address, member_type, name, introduce, license_number, image) VALUES ('m36', '123', 'm36@naver.com', ' 경기도 의정부시 의정로 118(의정부동)', 'M', 'maker36', 'maker36입니다. 원하는대로 뭐든지 만들어 드립니다. 주문 많이 해주세요.', '12345-6824', 'member/maker.jpg');								
INSERT INTO MEMBER (id, password, email,  address, member_type, name, introduce, license_number, image) VALUES ('m37', '123', 'm37@naver.com', ' 경기도 의정부시 의정로 118(의정부동)', 'M', 'maker37', 'maker37입니다. 원하는대로 뭐든지 만들어 드립니다. 주문 많이 해주세요.', '12345-6825', 'member/maker.jpg');								
INSERT INTO MEMBER (id, password, email,  address, member_type, name, introduce, license_number, image) VALUES ('m38', '123', 'm38@naver.com', ' 경기도 의정부시 의정로 118(의정부동)', 'M', 'maker38', 'maker38입니다. 원하는대로 뭐든지 만들어 드립니다. 주문 많이 해주세요.', '12345-6826', 'member/maker.jpg');								
INSERT INTO MEMBER (id, password, email,  address, member_type, name, introduce, license_number, image) VALUES ('m39', '123', 'm39@naver.com', ' 경기도 의정부시 의정로 118(의정부동)', 'M', 'maker39', 'maker39입니다. 원하는대로 뭐든지 만들어 드립니다. 주문 많이 해주세요.', '12345-6827', 'member/maker.jpg');								
INSERT INTO MEMBER (id, password, email,  address, member_type, name, introduce, license_number, image) VALUES ('m40', '123', 'm40@naver.com', ' 경기도 의정부시 의정로 118(의정부동)', 'M', 'maker40', 'maker40입니다. 원하는대로 뭐든지 만들어 드립니다. 주문 많이 해주세요.', '12345-6828', 'member/maker.jpg');								
INSERT INTO MEMBER (id, password, email,  address, member_type, name, introduce, license_number, image) VALUES ('m41', '123', 'm41@naver.com', ' 경기도 의정부시 의정로 118(의정부동)', 'M', 'maker41', 'maker41입니다. 원하는대로 뭐든지 만들어 드립니다. 주문 많이 해주세요.', '12345-6829', 'member/maker.jpg');								
INSERT INTO MEMBER (id, password, email,  address, member_type, name, introduce, license_number, image) VALUES ('m42', '123', 'm42@naver.com', ' 경기도 의정부시 의정로 118(의정부동)', 'M', 'maker42', 'maker42입니다. 원하는대로 뭐든지 만들어 드립니다. 주문 많이 해주세요.', '12345-6830', 'member/maker.jpg');								
INSERT INTO MEMBER (id, password, email,  address, member_type, name, introduce, license_number, image) VALUES ('m43', '123', 'm43@naver.com', ' 경기도 의정부시 의정로 118(의정부동)', 'M', 'maker43', 'maker43입니다. 원하는대로 뭐든지 만들어 드립니다. 주문 많이 해주세요.', '12345-6831', 'member/maker.jpg');								
INSERT INTO MEMBER (id, password, email,  address, member_type, name, introduce, license_number, image) VALUES ('m44', '123', 'm44@naver.com', ' 경기도 의정부시 의정로 118(의정부동)', 'M', 'maker44', 'maker44입니다. 원하는대로 뭐든지 만들어 드립니다. 주문 많이 해주세요.', '12345-6832', 'member/maker.jpg');								
INSERT INTO MEMBER (id, password, email,  address, member_type, name, introduce, license_number, image) VALUES ('m45', '123', 'm45@naver.com', ' 경기도 의정부시 의정로 118(의정부동)', 'M', 'maker45', 'maker45입니다. 원하는대로 뭐든지 만들어 드립니다. 주문 많이 해주세요.', '12345-6833', 'member/maker.jpg');								
INSERT INTO MEMBER (id, password, email,  address, member_type, name, introduce, license_number, image) VALUES ('m46', '123', 'm46@naver.com', ' 경기도 의정부시 의정로 118(의정부동)', 'M', 'maker46', 'maker46입니다. 원하는대로 뭐든지 만들어 드립니다. 주문 많이 해주세요.', '12345-6834', 'member/maker.jpg');								
INSERT INTO MEMBER (id, password, email,  address, member_type, name, introduce, license_number, image) VALUES ('m47', '123', 'm47@naver.com', ' 경기도 의정부시 의정로 118(의정부동)', 'M', 'maker47', 'maker47입니다. 원하는대로 뭐든지 만들어 드립니다. 주문 많이 해주세요.', '12345-6835', 'member/maker.jpg');								
INSERT INTO MEMBER (id, password, email,  address, member_type, name, introduce, license_number, image) VALUES ('m48', '123', 'm48@naver.com', ' 경기도 의정부시 의정로 118(의정부동)', 'M', 'maker48', 'maker48입니다. 원하는대로 뭐든지 만들어 드립니다. 주문 많이 해주세요.', '12345-6836', 'member/maker.jpg');								
INSERT INTO MEMBER (id, password, email,  address, member_type, name, introduce, license_number, image) VALUES ('m49', '123', 'm49@naver.com', ' 경기도 의정부시 의정로 118(의정부동)', 'M', 'maker49', 'maker49입니다. 원하는대로 뭐든지 만들어 드립니다. 주문 많이 해주세요.', '12345-6837', 'member/maker.jpg');								
INSERT INTO MEMBER (id, password, email,  address, member_type, name, introduce, license_number, image) VALUES ('m50', '123', 'm50@naver.com', ' 경기도 의정부시 의정로 118(의정부동)', 'M', 'maker50', 'maker50입니다. 원하는대로 뭐든지 만들어 드립니다. 주문 많이 해주세요.', '12345-6838', 'member/maker.jpg');								

COMMIT;

INSERT INTO account(member_id, money) VALUES ('m1', 1000000);
INSERT INTO account(member_id, money) VALUES ('m2', 1000000);
INSERT INTO account(member_id, money) VALUES ('m3', 1000000);
INSERT INTO account(member_id, money) VALUES ('m4', 1000000);
INSERT INTO account(member_id, money) VALUES ('m5', 1000000);
INSERT INTO account(member_id, money) VALUES ('m6', 1000000);
INSERT INTO account(member_id, money) VALUES ('m7', 1000000);
INSERT INTO account(member_id, money) VALUES ('m8', 1000000);
INSERT INTO account(member_id, money) VALUES ('m9', 1000000);
INSERT INTO account(member_id, money) VALUES ('m10', 1000000);
INSERT INTO account(member_id, money) VALUES ('m11', 1000000);
INSERT INTO account(member_id, money) VALUES ('m12', 1000000);
INSERT INTO account(member_id, money) VALUES ('m13', 1000000);
INSERT INTO account(member_id, money) VALUES ('m14', 1000000);
INSERT INTO account(member_id, money) VALUES ('m15', 1000000);
INSERT INTO account(member_id, money) VALUES ('m16', 1000000);
INSERT INTO account(member_id, money) VALUES ('m17', 1000000);
INSERT INTO account(member_id, money) VALUES ('m18', 1000000);
INSERT INTO account(member_id, money) VALUES ('m19', 1000000);
INSERT INTO account(member_id, money) VALUES ('m20', 1000000);
INSERT INTO account(member_id, money) VALUES ('m21', 1000000);
INSERT INTO account(member_id, money) VALUES ('m22', 1000000);
INSERT INTO account(member_id, money) VALUES ('m23', 1000000);
INSERT INTO account(member_id, money) VALUES ('m24', 1000000);
INSERT INTO account(member_id, money) VALUES ('m25', 1000000);
INSERT INTO account(member_id, money) VALUES ('m26', 1000000);
INSERT INTO account(member_id, money) VALUES ('m27', 1000000);
INSERT INTO account(member_id, money) VALUES ('m28', 1000000);
INSERT INTO account(member_id, money) VALUES ('m29', 1000000);
INSERT INTO account(member_id, money) VALUES ('m30', 1000000);
INSERT INTO account(member_id, money) VALUES ('m31', 1000000);
INSERT INTO account(member_id, money) VALUES ('m32', 1000000);
INSERT INTO account(member_id, money) VALUES ('m33', 1000000);
INSERT INTO account(member_id, money) VALUES ('m34', 1000000);
INSERT INTO account(member_id, money) VALUES ('m35', 1000000);
INSERT INTO account(member_id, money) VALUES ('m36', 1000000);
INSERT INTO account(member_id, money) VALUES ('m37', 1000000);
INSERT INTO account(member_id, money) VALUES ('m38', 1000000);
INSERT INTO account(member_id, money) VALUES ('m39', 1000000);
INSERT INTO account(member_id, money) VALUES ('m40', 1000000);
INSERT INTO account(member_id, money) VALUES ('m41', 1000000);
INSERT INTO account(member_id, money) VALUES ('m42', 1000000);
INSERT INTO account(member_id, money) VALUES ('m43', 1000000);
INSERT INTO account(member_id, money) VALUES ('m44', 1000000);
INSERT INTO account(member_id, money) VALUES ('m45', 1000000);
INSERT INTO account(member_id, money) VALUES ('m46', 1000000);
INSERT INTO account(member_id, money) VALUES ('m47', 1000000);
INSERT INTO account(member_id, money) VALUES ('m48', 1000000);
INSERT INTO account(member_id, money) VALUES ('m49', 1000000);
INSERT INTO account(member_id, money) VALUES ('m50', 1000000);
INSERT INTO account(member_id, money) VALUES ('c1', 1000000);
INSERT INTO account(member_id, money) VALUES ('c2', 1000000);
INSERT INTO account(member_id, money) VALUES ('c3', 1000000);
INSERT INTO account(member_id, money) VALUES ('c4', 1000000);
INSERT INTO account(member_id, money) VALUES ('c5', 1000000);
INSERT INTO account(member_id, money) VALUES ('c6', 1000000);
INSERT INTO account(member_id, money) VALUES ('c7', 1000000);
INSERT INTO account(member_id, money) VALUES ('c8', 1000000);
INSERT INTO account(member_id, money) VALUES ('c9', 1000000);
INSERT INTO account(member_id, money) VALUES ('c10', 1000000);
INSERT INTO account(member_id, money) VALUES ('c11', 1000000);
INSERT INTO account(member_id, money) VALUES ('c12', 1000000);
INSERT INTO account(member_id, money) VALUES ('c13', 1000000);
INSERT INTO account(member_id, money) VALUES ('c14', 1000000);
INSERT INTO account(member_id, money) VALUES ('c15', 1000000);
INSERT INTO account(member_id, money) VALUES ('c16', 1000000);
INSERT INTO account(member_id, money) VALUES ('c17', 1000000);
INSERT INTO account(member_id, money) VALUES ('c18', 1000000);
INSERT INTO account(member_id, money) VALUES ('c19', 1000000);
INSERT INTO account(member_id, money) VALUES ('c20', 1000000);
INSERT INTO account(member_id, money) VALUES ('c21', 1000000);
INSERT INTO account(member_id, money) VALUES ('c22', 1000000);
INSERT INTO account(member_id, money) VALUES ('c23', 1000000);
INSERT INTO account(member_id, money) VALUES ('c24', 1000000);
INSERT INTO account(member_id, money) VALUES ('c25', 1000000);
INSERT INTO account(member_id, money) VALUES ('c26', 1000000);
INSERT INTO account(member_id, money) VALUES ('c27', 1000000);
INSERT INTO account(member_id, money) VALUES ('c28', 1000000);
INSERT INTO account(member_id, money) VALUES ('c29', 1000000);
INSERT INTO account(member_id, money) VALUES ('c30', 1000000);
INSERT INTO account(member_id, money) VALUES ('c31', 1000000);
INSERT INTO account(member_id, money) VALUES ('c32', 1000000);
INSERT INTO account(member_id, money) VALUES ('c33', 1000000);
INSERT INTO account(member_id, money) VALUES ('c34', 1000000);
INSERT INTO account(member_id, money) VALUES ('c35', 1000000);
INSERT INTO account(member_id, money) VALUES ('c36', 1000000);
INSERT INTO account(member_id, money) VALUES ('c37', 1000000);
INSERT INTO account(member_id, money) VALUES ('c38', 1000000);
INSERT INTO account(member_id, money) VALUES ('c39', 1000000);
INSERT INTO account(member_id, money) VALUES ('c40', 1000000);
INSERT INTO account(member_id, money) VALUES ('c41', 1000000);
INSERT INTO account(member_id, money) VALUES ('c42', 1000000);
INSERT INTO account(member_id, money) VALUES ('c43', 1000000);
INSERT INTO account(member_id, money) VALUES ('c44', 1000000);
INSERT INTO account(member_id, money) VALUES ('c45', 1000000);
INSERT INTO account(member_id, money) VALUES ('c46', 1000000);
INSERT INTO account(member_id, money) VALUES ('c47', 1000000);
INSERT INTO account(member_id, money) VALUES ('c48', 1000000);
INSERT INTO account(member_id, money) VALUES ('c49', 1000000);
INSERT INTO account(member_id, money) VALUES ('c50', 1000000);

COMMIT;

--INSERT INTO PRODUCT (id, title, maker_id, type, content, image, price, period, hit, regdate) VALUES (product_seq.nextval, '우리집밖에 없는 식탁!', 'm1', 'FUNITURE', '원하는 디자인과 색상, 크기 모두 맞춰드립니다. 남들과 차별화된 식탁을 갖고 싶은 분들 주문 넣어주세요! 참고할 수 있는 이미지를 첨부해주시면 감사하겠습니다.', 'funiture/0.jpg', '50000', '3', '324', SYSDATE);								
--INSERT INTO PRODUCT (id, title, maker_id, type, content, image, price, period, hit, regdate) VALUES (product_seq.nextval, '원하는 디자인으로 조명 만들어 드립니다!', 'm2', 'FUNITURE', '원하는 조명 디자인과 색상 모든걸 맞춰서 제작해드립니다. 참고할 수 있는 이미지를 첨부해주시면 감사하겠습니다.', 'funiture/1.jpg', '50000', '4', '234', SYSDATE);								
--INSERT INTO PRODUCT (id, title, maker_id, type, content, image, price, period, hit, regdate) VALUES (product_seq.nextval, '밤에 공부할 때, 책 읽을 때 필요한 스탠드~', 'm3', 'FUNITURE', '원하는 디자인과 색상, 원하는 각도까지 맞춰서 제작합니다. 참고할 수 있는 이미지를 첨부해주시면 감사하겠습니다.', 'funiture/11.jpg', '50000', '5', '22', SYSDATE);								
--INSERT INTO PRODUCT (id, title, maker_id, type, content, image, price, period, hit, regdate) VALUES (product_seq.nextval, '원하는 디자인, 각도로 의자 만들어 드립니다!', 'm4', 'FUNITURE', '원하는 의자 디자인과 색상, 등받이 각도까지 맞춰서 제작합니다. 참고할 수 있는 이미지를 첨부해주시면 감사하겠습니다.', 'funiture/10.jpg', '50000', '6', '76', SYSDATE);								
--INSERT INTO PRODUCT (id, title, maker_id, type, content, image, price, period, hit, regdate) VALUES (product_seq.nextval, '원하는 디자인, 각도로 의자 만들어 드립니다!', 'm5', 'FUNITURE', '원하는 의자 디자인과 색상, 등받이 각도까지 맞춰서 제작합니다. 참고할 수 있는 이미지를 첨부해주시면 감사하겠습니다.', 'funiture/4.jpg', '50000', '7', '855', SYSDATE);								
--INSERT INTO PRODUCT (id, title, maker_id, type, content, image, price, period, hit, regdate) VALUES (product_seq.nextval, '원하는 디자인, 각도로 의자 만들어 드립니다!', 'm6', 'FUNITURE', '원하는 의자 디자인과 색상, 등받이 각도까지 맞춰서 제작합니다. 참고할 수 있는 이미지를 첨부해주시면 감사하겠습니다.', 'funiture/5.jpg', '50000', '8', '55', SYSDATE);								
--INSERT INTO PRODUCT (id, title, maker_id, type, content, image, price, period, hit, regdate) VALUES (product_seq.nextval, '원하는 디자인으로 식탁 만들어 드립니다!', 'm7', 'FUNITURE', '식탁 디자인과 색상 모두 맞춰 식탁 제작합니다. 참고할 수 있는 이미지를 첨부해주시면 감사하겠습니다.', 'funiture/6.jpg', '50000', '9', '44', SYSDATE);								
--INSERT INTO PRODUCT (id, title, maker_id, type, content, image, price, period, hit, regdate) VALUES (product_seq.nextval, '나만이 사용하는 특별한 스탠드 만들어 드립니다!', 'm8', 'FUNITURE', '좋은 공부환경을 조성하기 위해 나에게 맞는 스탠드 제작해드립니다. 참고할 수 있는 이미지를 첨부해주시면 감사하겠습니다.', 'funiture/7.jpg', '50000', '10', '5', SYSDATE);								
--INSERT INTO PRODUCT (id, title, maker_id, type, content, image, price, period, hit, regdate) VALUES (product_seq.nextval, '어디에서도 본적 없는 식탁!', 'm9', 'FUNITURE', '원하는 디자인과 색상, 크기 모두 맞춰드립니다. 남들과 차별화된 식탁을 갖고 싶은 분들 주문 넣어주세요! 참고할 수 있는 이미지를 첨부해주시면 감사하겠습니다.', 'funiture/8.jpg', '50000', '11', '77', SYSDATE);								
--INSERT INTO PRODUCT (id, title, maker_id, type, content, image, price, period, hit, regdate) VALUES (product_seq.nextval, '수납공간을 확실하게! 디자인은 예쁘게! 장롱 만듭니다!!', 'm10', 'FUNITURE', '원하는 디자인과 색상, 수납 용도, 위치까지 맞춘 특별한 장롱 제작합니다. 참고할 수 있는 이미지를 첨부해주시면 감사하겠습니다.', 'funiture/15.jpg', '50000', '12', '33', SYSDATE);								
--
--COMMIT;
--
--INSERT INTO PRODUCT (id, title, maker_id, type, content, image, price, period, hit, regdate) VALUES (product_seq.nextval, '나만의 핸드폰고리 만들어 드립니다!', 'm1', 'ACCESSORY', '원하는 디자인과 색상, 큐빅 위치, 각인까지 새긴 맞춤 핸드폰고리 제작합니다. 참고할 수 있는 이미지를 첨부해주시면 감사하겠습니다.', 'accessory/0.jpg', '50000', '3', '338', SYSDATE);								
--INSERT INTO PRODUCT (id, title, maker_id, type, content, image, price, period, hit, regdate) VALUES (product_seq.nextval, '원하는 디자인과 각인 새겨 안경 만들어 드립니다!', 'm3', 'ACCESSORY', '원하는 디자인과 색상, 각인까지 세상에 하나뿐인 안경 맞춤 제작합니다. 참고할 수 있는 이미지를 첨부해주시면 감사하겠습니다.', 'accessory/10.jpg', '50000', '4', '42', SYSDATE);								
--INSERT INTO PRODUCT (id, title, maker_id, type, content, image, price, period, hit, regdate) VALUES (product_seq.nextval, '원하는 디자인과 각인 새겨 목걸이 만들어 드립니다!', 'm5', 'ACCESSORY', '특별한 목걸이로 나에게 또는 소중한 사람에게 선물하세요. 참고할 수 있는 이미지를 첨부해주시면 감사하겠습니다.', 'accessory/2.jpg', '50000', '5', '37', SYSDATE);								
--INSERT INTO PRODUCT (id, title, maker_id, type, content, image, price, period, hit, regdate) VALUES (product_seq.nextval, '원하는 디자인과 각인 새겨 안경 만들어 드립니다!', 'm7', 'ACCESSORY', '원하는 디자인과 색상, 각인까지 세상에 하나뿐인 안경 맞춤 제작합니다. 참고할 수 있는 이미지를 첨부해주시면 감사하겠습니다.', 'accessory/3.jpg', '50000', '6', '2', SYSDATE);								
--INSERT INTO PRODUCT (id, title, maker_id, type, content, image, price, period, hit, regdate) VALUES (product_seq.nextval, '원하는 디자인으로 나만의 귀걸이 만들어 드립니다!', 'm9', 'ACCESSORY', '원하는 귀걸이 디자인과 색상, 큐빅 위치까지!! 귀걸이 제작합니다. 참고할 수 있는 이미지를 첨부해주시면 감사하겠습니다.', 'accessory/4.jpg', '50000', '7', '988', SYSDATE);								
--INSERT INTO PRODUCT (id, title, maker_id, type, content, image, price, period, hit, regdate) VALUES (product_seq.nextval, '원하는 디자인과 각인 새겨 벨트 만들어 드립니다!', 'm11', 'ACCESSORY', '특별한 벨트를 원하시는 분! 디자인과 색상, 각인까지 새긴 맞춤 벨트 제작합니다. 참고할 수 있는 이미지를 첨부해주시면 감사하겠습니다.', 'accessory/5.jpg', '50000', '8', '66', SYSDATE);								
--INSERT INTO PRODUCT (id, title, maker_id, type, content, image, price, period, hit, regdate) VALUES (product_seq.nextval, '원하는 디자인으로 나만의 귀걸이 만들어 드립니다!', 'm13', 'ACCESSORY', '원하는 귀걸이 디자인과 색상, 큐빅 위치까지!! 귀걸이 제작합니다. 특별한 날을 더욱 특별하게 보내세요~ 참고할 수 있는 이미지를 첨부해주시면 감사하겠습니다.', 'accessory/6.jpg', '50000', '9', '77', SYSDATE);								
--INSERT INTO PRODUCT (id, title, maker_id, type, content, image, price, period, hit, regdate) VALUES (product_seq.nextval, '세상에 하나뿐인 귀걸이 만들어 드립니다!', 'm15', 'ACCESSORY', '원하는 귀걸이 디자인과 색상, 큐빅 위치까지!! 귀걸이 제작합니다. 참고할 수 있는 이미지를 첨부해주시면 감사하겠습니다.', 'accessory/7.jpg', '50000', '10', '374', SYSDATE);								
--INSERT INTO PRODUCT (id, title, maker_id, type, content, image, price, period, hit, regdate) VALUES (product_seq.nextval, '원하는 디자인과 각인 새겨 반지 만들어 드립니다!', 'm17', 'ACCESSORY', '원하는 반지 디자인과 색상, 큐빅 위치, 각인까지 새긴 맞춤 반지 제작합니다. 참고할 수 있는 이미지를 첨부해주시면 감사하겠습니다.', 'accessory/8.jpg', '50000', '11', '32', SYSDATE);								
--INSERT INTO PRODUCT (id, title, maker_id, type, content, image, price, period, hit, regdate) VALUES (product_seq.nextval, '세상에 하나밖에 없는 선글라스 만들어 드립니다!', 'm19', 'ACCESSORY', '선글라스 테 디자인과 색상, 큐빅, 각인까지 새긴 하나뿐인 선글라스 제작합니다. 참고할 수 있는 이미지를 첨부해주시면 감사하겠습니다.', 'accessory/9.jpg', '50000', '12', '29', SYSDATE);								
--
--COMMIT;
--
--INSERT INTO PRODUCT (id, title, maker_id, type, content, image, price, period, hit, regdate) VALUES (product_seq.nextval, '나만의 모니터 만들어 드립니다!', 'm1', 'DIGITAL', '원하는 inch, 컴퓨터 높이, 색상, 각인까지! 누구에게도 없는 모니터 맞춤 제작합니다. 참고할 수 있는 이미지를 첨부해주시면 감사하겠습니다.', 'digital/0.jpg', '50000', '3', '57', SYSDATE);								
--INSERT INTO PRODUCT (id, title, maker_id, type, content, image, price, period, hit, regdate) VALUES (product_seq.nextval, '하나뿐인 스피커 만들어 드립니다!', 'm2', 'DIGITAL', '고객님이 원하는 색상, 각인까지! 누구에게도 없는 스피커 맞춤 제작합니다. 음질까지 보장합니다. 참고할 수 있는 이미지를 첨부해주시면 감사하겠습니다.', 'digital/1.jpg', '50000', '4', '67', SYSDATE);								
--INSERT INTO PRODUCT (id, title, maker_id, type, content, image, price, period, hit, regdate) VALUES (product_seq.nextval, '어디서든 소중한 추억을 담는 카메라', 'm3', 'DIGITAL',  '색상, 각인까지! 좋은 추억을 기억할 수 있게 해주는 카메라 제작 판매합니다. 참고할 수 있는 이미지를 첨부해주시면 감사하겠습니다.', 'digital/2.jpg', '50000', '5', '38', SYSDATE);								
--INSERT INTO PRODUCT (id, title, maker_id, type, content, image, price, period, hit, regdate) VALUES (product_seq.nextval, '추억여행 가능한 LP판 만들어 드립니다!', 'm5', 'DIGITAL', '과거로 돌아가볼 수 있는 LP판! 특별한 날을 떠올릴 수 있는 LP판!! 맞춤 제작합니다. 참고할 수 있는 이미지를 첨부해주시면 감사하겠습니다.', 'digital/3.jpg', '50000', '6', '332', SYSDATE);								
--INSERT INTO PRODUCT (id, title, maker_id, type, content, image, price, period, hit, regdate) VALUES (product_seq.nextval, '나만의 카메라 만들어 드립니다!', 'm8', 'DIGITAL', '원하는 디자인, 색상, 각인까지! 누구에게도 없는 카메라 맞춤 제작합니다. 참고할 수 있는 이미지를 첨부해주시면 감사하겠습니다.', 'digital/4.jpg', '50000', '7', '309', SYSDATE);								
--INSERT INTO PRODUCT (id, title, maker_id, type, content, image, price, period, hit, regdate) VALUES (product_seq.nextval, '여행의 동반자 카메라 판매!!', 'm13', 'DIGITAL', '혼자 여행할 때도 카메라와 함께 갔다오세요~ 참고할 수 있는 이미지를 첨부해주시면 감사하겠습니다.', 'digital/0.jpg', '50000', '8', '63', SYSDATE);								
--INSERT INTO PRODUCT (id, title, maker_id, type, content, image, price, period, hit, regdate) VALUES (product_seq.nextval, '집에서 이어폰 no! 스피커 만들어 드립니다!', 'm21', 'DIGITAL', '집에서 편하게 누워서 들을 수 있는 스피커 제작합니다! 참고할 수 있는 이미지를 첨부해주시면 감사하겠습니다.', 'digital/7.jpg', '50000', '9', '21', SYSDATE);								
--INSERT INTO PRODUCT (id, title, maker_id, type, content, image, price, period, hit, regdate) VALUES (product_seq.nextval, '헤드폰 만들어 드립니다!', 'm34', 'DIGITAL', '운동하다보면 빠졌던 이어폰이 아닌 헤드폰을 사용해보세요!. 참고할 수 있는 이미지를 첨부해주시면 감사하겠습니다.', 'digital/8.jpg', '50000', '10', '3', SYSDATE);								
--INSERT INTO PRODUCT (id, title, maker_id, type, content, image, price, period, hit, regdate) VALUES (product_seq.nextval, '나만의 헤드폰 제작합니다!', 'm10', 'DIGITAL', '색상, 각인까지! 누구에게도 없는 헤드셋 맞춤 제작합니다. 참고할 수 있는 이미지를 첨부해주시면 감사하겠습니다.', 'digital/9.jpg', '50000', '11', '88', SYSDATE);								
--INSERT INTO PRODUCT (id, title, maker_id, type, content, image, price, period, hit, regdate) VALUES (product_seq.nextval, '나만의 스피커 만들어 드립니다!', 'm44', 'DIGITAL', '원하는 높이, 색상, 각인까지! 누구에게도 없는 스피커 맞춤 제작합니다. 참고할 수 있는 이미지를 첨부해주시면 감사하겠습니다.', 'digital/6.jpg', '50000', '12', '5', SYSDATE);								
--
--COMMIT;
--
--INSERT INTO PRODUCT (id, title, maker_id, type, content, image, price, period, hit, regdate) VALUES (product_seq.nextval, '신발 주문받습니다.!', 'm2', 'CLOTHING', '신발은 패션의 완성! 색상, 각인, 문양까지! 누구에게도 없는 나만의 신발 맞춤 판매합니다. 참고할 수 있는 이미지를 첨부해주시면 감사하겠습니다.', 'clothing/0.jpg', '25000', '3', '578', SYSDATE);								
--INSERT INTO PRODUCT (id, title, maker_id, type, content, image, price, period, hit, regdate) VALUES (product_seq.nextval, '나만의 치마 주문받습니다.!', 'm4', 'CLOTHING', '패피가 되고싶은 분!! 색상, 길이까지! 누구에게도 없는 나만의 옷 맞춤 제작합니다. 참고할 수 있는 이미지를 첨부해주시면 감사하겠습니다.', 'clothing/1.jpg', '20000', '4', '77', SYSDATE);								
--INSERT INTO PRODUCT (id, title, maker_id, type, content, image, price, period, hit, regdate) VALUES (product_seq.nextval, '후줄근한 추리닝은 가라', 'm6', 'CLOTHING', '이제 목 늘어난 추리닝! 무릎 나온 추리닝 No!! 색상부터 튼튼함까지! 그 어떤 옷보다 편한 추리닝 맞춤 제작합니다. 참고할 수 있는 이미지를 첨부해주시면 감사하겠습니다.', 'clothing/2.jpg', '50000', '5', '39', SYSDATE);								
--INSERT INTO PRODUCT (id, title, maker_id, type, content, image, price, period, hit, regdate) VALUES (product_seq.nextval, '원하는 색상의 옷 주문받습니다.!', 'm8', 'CLOTHING', '패피가 되고싶은 분!! 색상, 각인, 문양까지! 누구에게도 없는 나만의 옷 맞춤 제작합니다. 참고할 수 있는 이미지를 첨부해주시면 감사하겠습니다.', 'clothing/3.jpg', '30000', '6', '74', SYSDATE);								
--INSERT INTO PRODUCT (id, title, maker_id, type, content, image, price, period, hit, regdate) VALUES (product_seq.nextval, '패피 되고싶은 사람들 모두 모여.!', 'm10', 'CLOTHING', '패피가 되고싶은 분!! 색상, 각인, 문양까지! 누구에게도 없는 나만의 옷 맞춤 제작합니다. 참고할 수 있는 이미지를 첨부해주시면 감사하겠습니다.', 'clothing/4.jpg', '30000', '7', '255', SYSDATE);								
--INSERT INTO PRODUCT (id, title, maker_id, type, content, image, price, period, hit, regdate) VALUES (product_seq.nextval, '모자 주문하세요~~', 'm12', 'CLOTHING', '더 이상 숨기위해 모자를 쓰는 것이 아닌 모자 하나로 멋쟁이가 되어보세요! 색상, 각인, 문양까지! 누구에게도 없는 나만의 모자 제작 판매합니다. 참고할 수 있는 이미지를 첨부해주시면 감사하겠습니다.', 'clothing/5.jpg', '15000', '8', '44', SYSDATE);								
--INSERT INTO PRODUCT (id, title, maker_id, type, content, image, price, period, hit, regdate) VALUES (product_seq.nextval, '여름 신발 주문받습니다!', 'm14', 'CLOTHING', '발을 더욱 예쁘게 보일 수 있게하는 신발 제작 판매합니다. 참고할 수 있는 이미지를 첨부해주시면 감사하겠습니다.', 'clothing/6.jpg', '35000', '9', '42', SYSDATE);								
--INSERT INTO PRODUCT (id, title, maker_id, type, content, image, price, period, hit, regdate) VALUES (product_seq.nextval, '신발도 개성!! 주문받습니다!', 'm16', 'CLOTHING', '예쁘고 특별! 거기다 편하기까지한 신발 제작합니다. 참고할 수 있는 이미지를 첨부해주시면 감사하겠습니다.', 'clothing/7.jpg', '50000', '10', '11', SYSDATE);								
--INSERT INTO PRODUCT (id, title, maker_id, type, content, image, price, period, hit, regdate) VALUES (product_seq.nextval, '가방까지 들어야 패션의 완성!', 'm18', 'CLOTHING', '옷 멋지게 입고 가방이 없으면 안돼죠 색상, 각인, 문양, 크기, 주머니 위치까지! 누구에게도 없는 나만의 가방 맞춤 제작합니다. 참고할 수 있는 이미지를 첨부해주시면 감사하겠습니다.', 'clothing/8.jpg', '35000', '11', '15', SYSDATE);								
--INSERT INTO PRODUCT (id, title, maker_id, type, content, image, price, period, hit, regdate) VALUES (product_seq.nextval, '더 이상 햇빛가리개가 아니야!', 'm20', 'CLOTHING', '패피가 되고싶은 분!! 색상, 각인, 문양까지! 누구에게도 없는 나만의 모자 맞춤 제작합니다. 참고할 수 있는 이미지를 첨부해주시면 감사하겠습니다.', 'clothing/9.jpg', '15000', '12', '83', SYSDATE);								
--
--COMMIT;
--
--INSERT INTO PRODUCT (id, title, maker_id, type, content, image, price, period, hit, regdate) VALUES (product_seq.nextval, '실내에서도 운동을 특별하게! 싸이클 주문받습니다.!', 'm1', 'SPORT', '운동도 특별하게! 색상, 각인, 문양까지! 누구에게도 없는 나만의 싸이클 맞춤 판매합니다. 참고할 수 있는 이미지를 첨부해주시면 감사하겠습니다.', 'sport/0.jpg', '150000', '3', '397', SYSDATE);								
--INSERT INTO PRODUCT (id, title, maker_id, type, content, image, price, period, hit, regdate) VALUES (product_seq.nextval, '눈에 번쩍 띄는 자전거', 'm11', 'SPORT', '그 누구보다 멋있고 잘나가는 자전거 제작합니다. 색상, 각인, 문양까지! 누구에게도 없는 나만의 자전거 맞춤 판매합니다. 참고할 수 있는 이미지를 첨부해주시면 감사하겠습니다.', 'sport/1.jpg', '200000', '4', '3474', SYSDATE);								
--INSERT INTO PRODUCT (id, title, maker_id, type, content, image, price, period, hit, regdate) VALUES (product_seq.nextval, '외발 자전거!', 'm2', 'SPORT', '집중력과 중심잡기의 달인이 되어보세요. 색상, 각인, 문양까지! 외발 자전거 맞춤 판매합니다. 참고할 수 있는 이미지를 첨부해주시면 감사하겠습니다.', 'sport/2.jpg', '100000', '3', '365', SYSDATE);								
--INSERT INTO PRODUCT (id, title, maker_id, type, content, image, price, period, hit, regdate) VALUES (product_seq.nextval, '따르릉 따르릉 비켜나세요 자전거!', 'm22', 'SPORT', '색상, 각인, 문양까지! 자전거 맞춤 판매합니다. 참고할 수 있는 이미지를 첨부해주시면 감사하겠습니다.', 'sport/3.jpg', '100000', '4', '59', SYSDATE);								
--INSERT INTO PRODUCT (id, title, maker_id, type, content, image, price, period, hit, regdate) VALUES (product_seq.nextval, '비켜비켜 자전거!', 'm3', 'SPORT', '세상 하나뿐인 특별한 자전거! 색상, 각인, 문양까지 모두 맞추어 드립니다. 참고할 수 있는 이미지를 첨부해주시면 감사하겠습니다.', 'sport/4.jpg', '100000', '5', '87', SYSDATE);								
--INSERT INTO PRODUCT (id, title, maker_id, type, content, image, price, period, hit, regdate) VALUES (product_seq.nextval, '대세는 보드! 보드 맞춤제작하세요~', 'm33', 'SPORT', '공원에 가면 많이 눈에 띄는 보드 이젠 세상 하나뿐인 특별한 보드로 바꿔보세요! 참고할 수 있는 이미지를 첨부해주시면 감사하겠습니다.', 'sport/5.jpg', '100000', '6', '66', SYSDATE);								
--INSERT INTO PRODUCT (id, title, maker_id, type, content, image, price, period, hit, regdate) VALUES (product_seq.nextval, '날아라 손오공 손오공하면 보드!', 'm4', 'SPORT', '세상 하나뿐인 특별한 보드! 색상, 각인, 문양까지 모두 맞추어 드립니다. 참고할 수 있는 이미지를 첨부해주시면 감사하겠습니다.', 'sport/6.jpg', '100000', '7', '24', SYSDATE);								
--INSERT INTO PRODUCT (id, title, maker_id, type, content, image, price, period, hit, regdate) VALUES (product_seq.nextval, '다들 비키세요~ 자전거!', 'm44', 'SPORT', '세상 하나뿐인 특별한 자전거! 색상, 각인, 문양까지 모두 맞추어 드립니다. 참고할 수 있는 이미지를 첨부해주시면 감사하겠습니다.', 'sport/7.jpg', '100000', '8', '36', SYSDATE);								
--INSERT INTO PRODUCT (id, title, maker_id, type, content, image, price, period, hit, regdate) VALUES (product_seq.nextval, '안전도 지키세요!! 나만의 안전모!', 'm5', 'SPORT', '몸 사용하는 운동이 많아진 만큼 보호하는 것도 잊지 마세요! 색상, 각인, 문양까지 모두 맞추어 드립니다. 참고할 수 있는 이미지를 첨부해주시면 감사하겠습니다.', 'sport/8.jpg', '100000', '9', '76', SYSDATE);								
--INSERT INTO PRODUCT (id, title, maker_id, type, content, image, price, period, hit, regdate) VALUES (product_seq.nextval, '보드, 스키탈 때 장갑없으면 안돼죠?', 'm10', 'SPORT', '세상 하나뿐인 특별한 스키 장갑! 색상, 각인, 문양까지 모두 맞추어 드립니다. 참고할 수 있는 이미지를 첨부해주시면 감사하겠습니다.', 'sport/9.jpg', '35000', '4', '48', SYSDATE);								
--
--COMMIT;
--
--INSERT INTO PRODUCT (id, title, maker_id, type, content, image, price, period, hit, regdate) VALUES (product_seq.nextval, '차한잔의 여유 어떤가요?', 'm3', 'KITCHEN', '차 한잔을 마시더라도 예쁘게!! 색상, 각인, 문양까지! 누구에게도 없는 나만의 찻잔 세트 맞춤 판매합니다. 참고할 수 있는 이미지를 첨부해주시면 감사하겠습니다.', 'kitchen/0.jpg', '100000', '3', '844', SYSDATE);								
--INSERT INTO PRODUCT (id, title, maker_id, type, content, image, price, period, hit, regdate) VALUES (product_seq.nextval, '보기 좋은 떡이 먹기도 좋다! 그릇 제작합니다.', 'm6', 'KITCHEN', '같은 음식이라도 어떤 그릇에 놓느냐에 따라 다른 음식이 됩니다. 색상, 각인, 문양까지! 누구에게도 없는 우리집만의 그릇 맞춤 판매합니다. 참고할 수 있는 이미지를 첨부해주시면 감사하겠습니다.', 'kitchen/1.jpg', '100000', '4', '354', SYSDATE);								
--INSERT INTO PRODUCT (id, title, maker_id, type, content, image, price, period, hit, regdate) VALUES (product_seq.nextval, '예쁜 그릇 보고가세요~', 'm9', 'KITCHEN', '대충 놓아도 맛있게 보이는 그릇 판매합니다!! 색상, 각인, 문양까지! 누구에게도 없는 나만의 그릇 맞춤 판매합니다. 참고할 수 있는 이미지를 첨부해주시면 감사하겠습니다.', 'kitchen/2.jpg', '100000', '5', '234', SYSDATE);								
--INSERT INTO PRODUCT (id, title, maker_id, type, content, image, price, period, hit, regdate) VALUES (product_seq.nextval, '예쁜 물병 보고가세요~', 'm12', 'KITCHEN', '일회용은 no no!! 색상, 각인, 문양까지! 누구에게도 없는 나만의 물병 판매합니다. 참고할 수 있는 이미지를 첨부해주시면 감사하겠습니다.', 'kitchen/3.jpg', '100000', '6', '74', SYSDATE);						
--INSERT INTO PRODUCT (id, title, maker_id, type, content, image, price, period, hit, regdate) VALUES (product_seq.nextval, '개성살린 그릇 보고가세요~', 'm15', 'KITCHEN', '대충 놓아도 맛있게 보이는 그릇 판매합니다!! 색상, 각인, 문양까지! 누구에게도 없는 나만의 그릇 맞춤 판매합니다. 참고할 수 있는 이미지를 첨부해주시면 감사하겠습니다.', 'kitchen/4.jpg', '150000', '7', '12', SYSDATE);								
--INSERT INTO PRODUCT (id, title, maker_id, type, content, image, price, period, hit, regdate) VALUES (product_seq.nextval, '일회용은 그만~ 보틀 판매합니다~', 'm18', 'KITCHEN', '멋있는 보틀에 환경보호까지 할 수 있습니다. 참고할 수 있는 이미지를 첨부해주시면 감사하겠습니다.', 'kitchen/5.jpg', '15000', '8', '39', SYSDATE);								
--INSERT INTO PRODUCT (id, title, maker_id, type, content, image, price, period, hit, regdate) VALUES (product_seq.nextval, '일회용은 그만~ 보틀 판매합니다~', 'm21', 'KITCHEN', '멋있는 보틀에 환경보호까지 할 수 있습니다. 참고할 수 있는 이미지를 첨부해주시면 감사하겠습니다.', 'kitchen/6.jpg', '15000', '3', '86', SYSDATE);
--INSERT INTO PRODUCT (id, title, maker_id, type, content, image, price, period, hit, regdate) VALUES (product_seq.nextval, '예쁜 그릇 보고가세요~', 'm24', 'KITCHEN', '대충 놓아도 맛있게 보이는 그릇 판매합니다!! 색상, 각인, 문양까지! 누구에게도 없는 나만의 그릇 맞춤 판매합니다. 참고할 수 있는 이미지를 첨부해주시면 감사하겠습니다.', 'kitchen/7.jpg', '150000', '7', '655', SYSDATE);						
--INSERT INTO PRODUCT (id, title, maker_id, type, content, image, price, period, hit, regdate) VALUES (product_seq.nextval, '예쁜 그릇 보고가세요~', 'm27', 'KITCHEN', '대충 놓아도 맛있게 보이는 그릇 판매합니다!! 색상, 각인, 문양까지! 누구에게도 없는 나만의 그릇 맞춤 판매합니다. 참고할 수 있는 이미지를 첨부해주시면 감사하겠습니다.', 'kitchen/8.jpg', '100000', '5', '33', SYSDATE);								
--INSERT INTO PRODUCT (id, title, maker_id, type, content, image, price, period, hit, regdate) VALUES (product_seq.nextval, '보기 좋은 떡이 먹기도 좋다! 그릇 제작합니다.', 'm30', 'KITCHEN', '같은 음식이라도 어떤 그릇에 놓느냐에 따라 다른 음식이 됩니다. 색상, 각인, 문양까지! 누구에게도 없는 우리집만의 그릇 맞춤 판매합니다. 참고할 수 있는 이미지를 첨부해주시면 감사하겠습니다.', 'kitchen/9.jpg', '100000', '4', '8', SYSDATE);								
--
--COMMIT;

INSERT INTO REQUEST (id, title, consumer_id, type, content, hope_price, price, bound, payment, regdate)
VALUES (request_seq.nextval, '의뢰1', 'c1', 'FUNITURE', '의뢰1', '10000', '0', 'PRIVATE', 'N', SYSDATE);							
INSERT INTO REQUEST (id, title, consumer_id, type, content, hope_price, price, bound, payment, regdate)
VALUES (request_seq.nextval, '의뢰2', 'c1', 'FUNITURE', '의뢰2', '20000', '0', 'PRIVATE', 'N', SYSDATE);
INSERT INTO REQUEST (id, title, consumer_id, type, content, hope_price, price, bound, payment, regdate)
VALUES (request_seq.nextval, '의뢰3', 'c1', 'FUNITURE', '의뢰3', '30000', '0', 'PRIVATE', 'N', SYSDATE);
INSERT INTO REQUEST (id, title, consumer_id, type, content, hope_price, price, bound, payment, regdate)
VALUES (request_seq.nextval, '의뢰4', 'c1', 'FUNITURE', '의뢰4', '40000', '0', 'PRIVATE', 'N', SYSDATE);
INSERT INTO REQUEST (id, title, consumer_id, type, content, hope_price, price, bound, payment, regdate)
VALUES (request_seq.nextval, '의뢰5', 'c1', 'FUNITURE', '의뢰5', '50000', '0', 'PRIVATE', 'N', SYSDATE);
INSERT INTO REQUEST (id, title, consumer_id, type, content, hope_price, price, bound, payment, regdate)
VALUES (request_seq.nextval, '의뢰6', 'c1', 'FUNITURE', '의뢰6', '60000', '0', 'PRIVATE', 'N', SYSDATE);
INSERT INTO REQUEST (id, title, consumer_id, type, content, hope_price, price, bound, payment, regdate)
VALUES (request_seq.nextval, '의뢰7', 'c1', 'FUNITURE', '의뢰7', '70000', '0', 'PRIVATE', 'N', SYSDATE);
INSERT INTO REQUEST (id, title, consumer_id, type, content, hope_price, price, bound, payment, regdate)
VALUES (request_seq.nextval, '의뢰8', 'c1', 'FUNITURE', '의뢰8', '80000', '0', 'PRIVATE', 'N', SYSDATE);
INSERT INTO REQUEST (id, title, consumer_id, type, content, hope_price, price, bound, payment, regdate)
VALUES (request_seq.nextval, '의뢰9', 'c1', 'FUNITURE', '의뢰9', '90000', '0', 'PRIVATE', 'N', SYSDATE);
INSERT INTO REQUEST (id, title, consumer_id, type, content, hope_price, price, bound, payment, regdate)
VALUES (request_seq.nextval, '의뢰10', 'c1', 'FUNITURE', '의뢰10', '100000', '0', 'PRIVATE', 'N', SYSDATE);
INSERT INTO REQUEST (id, title, consumer_id, type, content, hope_price, price, bound, payment, regdate)
VALUES (request_seq.nextval, '의뢰11', 'c1', 'FUNITURE', '의뢰11', '100000', '0', 'PUBLIC', 'N', SYSDATE);
INSERT INTO REQUEST (id, title, consumer_id, type, content, hope_price, price, bound, payment, regdate)
VALUES (request_seq.nextval, '의뢰12', 'c1', 'FUNITURE', '의뢰12', '90000', '0', 'PUBLIC', 'N', SYSDATE);
INSERT INTO REQUEST (id, title, consumer_id, type, content, hope_price, price, bound, payment, regdate)
VALUES (request_seq.nextval, '의뢰13', 'c1', 'FUNITURE', '의뢰13', '80000', '0', 'PUBLIC', 'N', SYSDATE);
INSERT INTO REQUEST (id, title, consumer_id, type, content, hope_price, price, bound, payment, regdate)
VALUES (request_seq.nextval, '의뢰14', 'c1', 'FUNITURE', '의뢰14', '70000', '0', 'PUBLIC', 'N', SYSDATE);
INSERT INTO REQUEST (id, title, consumer_id, type, content, hope_price, price, bound, payment, regdate)
VALUES (request_seq.nextval, '의뢰15', 'c1', 'FUNITURE', '의뢰15', '60000', '0', 'PUBLIC', 'N', SYSDATE);
INSERT INTO REQUEST (id, title, consumer_id, type, content, hope_price, price, bound, payment, regdate)
VALUES (request_seq.nextval, '의뢰16', 'c1', 'FUNITURE', '의뢰16', '50000', '0', 'PRIVATE', 'N', SYSDATE);
INSERT INTO REQUEST (id, title, consumer_id, type, content, hope_price, price, bound, payment, regdate)
VALUES (request_seq.nextval, '의뢰17', 'c1', 'FUNITURE', '의뢰17', '40000', '0', 'PRIVATE', 'N', SYSDATE);
INSERT INTO REQUEST (id, title, consumer_id, type, content, hope_price, price, bound, payment, regdate)
VALUES (request_seq.nextval, '의뢰18', 'c1', 'FUNITURE', '의뢰18', '30000', '0', 'PRIVATE', 'N', SYSDATE);
INSERT INTO REQUEST (id, title, consumer_id, type, content, hope_price, price, bound, payment, regdate)
VALUES (request_seq.nextval, '의뢰19', 'c1', 'FUNITURE', '의뢰19', '20000', '0', 'PRIVATE', 'N', SYSDATE);
INSERT INTO REQUEST (id, title, consumer_id, type, content, hope_price, price, bound, payment, regdate)
VALUES (request_seq.nextval, '의뢰20', 'c1', 'FUNITURE', '의뢰20', '10000', '0', 'PRIVATE', 'N', SYSDATE);
INSERT INTO REQUEST (id, title, consumer_id, type, content, hope_price, price, bound, payment, regdate)
VALUES (request_seq.nextval, '의뢰21', 'c1', 'FUNITURE', '의뢰21', '1000', '0', 'PRIVATE', 'N', SYSDATE);

COMMIT;

INSERT INTO PORTFOLIO (id, title, type, content, maker_id, image, regdate) VALUES (portfolio_seq.nextval, '우리집밖에 없는 식탁!', 'FUNITURE', '집에 알맞은 크기, 소재, 높이와 문양까지 모두 고객님이 원하시는 대로 만들어 드렸습니다. 세상에 하나밖에 없는 우리집만의 식탁을 만들어드립니다. 사소한것 하나라도 꼼꼼히 만들겠습니다.', 'm1', 'funiture/0.jpg', SYSDATE);								
INSERT INTO PORTFOLIO (id, title, type, content, maker_id, image, regdate) VALUES (portfolio_seq.nextval, '밤에 공부할 때, 책 읽을 땐? 스탠드~', 'FUNITURE', '나에게 알맞은 크기, 소재, 높이와 문양까지 모두 고객님이 원하시는 대로 만들어 드렸습니다. 세상에 하나밖에 없는 나만의 스탠드를 만들어드립니다. 사소한것 하나라도 꼼꼼히 만들겠습니다.', 'm1', 'funiture/1.jpg', SYSDATE);								
INSERT INTO PORTFOLIO (id, title, type, content, maker_id, image, regdate) VALUES (portfolio_seq.nextval, '핸드폰을 더 특별하게! 핸드폰고리 ', 'ACCESSORY', '원하는 디자인과 색상, 큐빅 위치, 그리고 각인까지 모두 고객님이 원하시는 대로 만들어 드렸습니다. 세상에 하나밖에 없는 나만의 핸드폰고리를 만들어드립니다. 사소한것 하나라도 꼼꼼히 만들겠습니다.', 'm1', 'accessory/0.jpg', SYSDATE);								
INSERT INTO PORTFOLIO (id, title, type, content, maker_id, image, regdate) VALUES (portfolio_seq.nextval, '세상을 뚜렸하게! 나만의 안경', 'ACCESSORY', '원하는 디자인에 맞추어 만들어 드렸습니다. 크기, 소재, 모양까지 모두 고객님이 원하시는 대로 만들어 드렸습니다. 남들과 차별화된 나만의 안경을 만들어드립니다. 사소한것 하나라도 꼼꼼히 만들겠습니다.', 'm1', 'accessory/10.jpg', SYSDATE);								
INSERT INTO PORTFOLIO (id, title, type, content, maker_id, image, regdate) VALUES (portfolio_seq.nextval, '컴퓨터도 특별하게! 나만의 모니터', 'DIGITAL', '고객님이 원하는 inch, 모니터 높이, 디자인에 맞추어 만들어 드렸습니다. 사소한 것 하나까지 모두 고객님이 원하시는 대로 만들어 드렸습니다. 작은 것 하나라도 꼼꼼히 만들겠습니다.', 'm1', 'digital/0.jpg', SYSDATE);								
INSERT INTO PORTFOLIO (id, title, type, content, maker_id, image, regdate) VALUES (portfolio_seq.nextval, '특별한 스피커', 'DIGITAL', '고객님이 원하는 색상, 각인, 디자인에 맞추어 만들어 드렸습니다. 사소한 것 하나 놓치지 않고 디자인, 음질까지 확실한 스피커를 만들었습니다. 작은 것 하나라도 꼼꼼히 만들겠습니다.', 'm1', 'digital/1.jpg', SYSDATE);								
INSERT INTO PORTFOLIO (id, title, type, content, maker_id, image, regdate) VALUES (portfolio_seq.nextval, '디자인, 착용감까지 모두 잡은 신발', 'CLOTHING', '고객님이 원하는 색상, 높이, 각인, 디자인에 맞추어 만들었습니다. 작은 디테일까지 살리고, 발의 편안함까지 모두 잡은 신발를 만들었습니다. 작은 것 하나라도 꼼꼼히 만들겠습니다.', 'm1', 'clothing/0.jpg', SYSDATE);								
INSERT INTO PORTFOLIO (id, title, type, content, maker_id, image, regdate) VALUES (portfolio_seq.nextval, '패피 모두 모여라! 이제는 맞춤 옷이 대세!', 'CLOTHING', '공장에서 찍어낸 똑같은 옷이 아닌 고객님이 원하는 색상, 사이즈, 디자인에 맞추어 만들었습니다. 작은 디테일까지 살리고, 멋스러움은 더한 품질 좋은 옷입니다. 작은 것 하나라도 꼼꼼히 만들겠습니다.', 'm1', 'clothing/3.jpg', SYSDATE);								
INSERT INTO PORTFOLIO (id, title, type, content, maker_id, image, regdate) VALUES (portfolio_seq.nextval, '따르릉 따르릉은? 자전거!', 'SPORT', '고객님이 원하는 색상, 사이즈, 디자인 그리고 무게까지 맞추어 만들었습니다. 작은 디테일까지 살리고, 부품하나까지 좋은 것으로만 사용했습니다. 작은 것 하나라도 꼼꼼히 만들겠습니다.', 'm1', 'sport/3.jpg', SYSDATE);

COMMIT;